template,accuracy
Default,0.5733333333333334
Alice-opinion,0.5033333333333333
Default,0.5116666666666667
Alice-opinion,0.9683333333333334
