accuracy,template
0.87,Default
0.5216666666666666,Alice-opinion
0.8766666666666667,Default
0.5083333333333333,Alice-opinion
