template,accuracy
Default,0.575
Alice-opinion,0.5083333333333333
Default,0.6166666666666667
Alice-opinion,0.7633333333333333
