accuracy,template
0.9316666666666666,Default
0.52,Alice-opinion
0.9083333333333333,Default
0.5133333333333333,Alice-opinion
