template,accuracy
Default,0.905
Alice-opinion,0.5066666666666666
Default,0.8016666666666666
Alice-opinion,0.6133333333333333
