template,accuracy
Default,0.5449999999999999
Alice-opinion,0.5083333333333333
Default,0.6383333333333333
Alice-opinion,0.6916666666666667
