template,accuracy
Default,0.5416666666666667
Alice-opinion,0.5116666666666667
Default,0.63
Alice-opinion,0.7033333333333334
