accuracy,template
0.9283333333333333,Default
0.5233333333333333,Alice-opinion
0.9266666666666666,Default
0.515,Alice-opinion
