template,accuracy
Default,0.8933333333333333
Alice-opinion,0.5133333333333333
Default,0.6066666666666667
Alice-opinion,0.7333333333333333
