template,accuracy
Default,0.925
Alice-opinion,0.5166666666666667
Default,0.5666666666666667
Alice-opinion,0.6516666666666666
