template,accuracy
Default,0.92
Alice-opinion,0.5183333333333333
Default,0.5683333333333334
Alice-opinion,0.6533333333333333
