template,accuracy
Default,0.5116666666666667
Alice-opinion,0.51
Default,0.5800000000000001
Alice-opinion,0.8516666666666667
