accuracy,template
0.9216666666666666,Default
0.4766666666666667,Alice-opinion
0.9116666666666666,Default
1.0,Alice-opinion
