template,accuracy
Default,0.5116666666666667
Alice-opinion,0.5016666666666667
Default,0.5666666666666667
Alice-opinion,0.7866666666666666
