template,accuracy
Default,0.5116666666666667
Alice-opinion,0.505
Default,0.5583333333333333
Alice-opinion,0.8016666666666666
