accuracy,template
0.9533333333333334,Default
0.5183333333333333,Alice-opinion
0.9283333333333333,Default
0.5233333333333333,Alice-opinion
