template,accuracy
Default,0.9283333333333333
Alice-opinion,0.5033333333333334
Default,0.655
Alice-opinion,0.7466666666666666
