template,accuracy
Default,0.9316666666666666
Alice-opinion,0.5033333333333334
Default,0.6533333333333333
Alice-opinion,0.745
