template,accuracy
Default,0.7883333333333333
Alice-opinion,0.51
Default,0.5549999999999999
Alice-opinion,0.7033333333333334
