template,accuracy
Default,0.8016666666666666
Alice-opinion,0.51
Default,0.5466666666666666
Alice-opinion,0.7083333333333333
