accuracy,template
0.945,Default
0.49666666666666665,Alice-opinion
0.9416666666666667,Default
0.5066666666666667,Alice-opinion
