accuracy,template
0.8766666666666667,Default
0.5216666666666666,Alice-opinion
0.8516666666666667,Default
0.54,Alice-opinion
