accuracy,template
0.8933333333333333,Default
0.4583333333333333,Alice-opinion
0.8766666666666667,Default
1.0,Alice-opinion
