template,accuracy
Default,0.9116666666666666
Alice-opinion,0.5166666666666666
Default,0.6566666666666667
Alice-opinion,0.7383333333333333
