accuracy,template
0.9466666666666667,Default
0.49833333333333335,Alice-opinion
0.9416666666666667,Default
0.5066666666666667,Alice-opinion
