template,accuracy
Default,0.505
Alice-opinion,0.5016666666666667
Default,0.5366666666666666
Alice-opinion,0.5766666666666667
