template,accuracy
Default,0.9283333333333333
Alice-opinion,0.5066666666666667
Default,0.7483333333333333
Alice-opinion,0.7
