template,accuracy
Default,0.9283333333333333
Alice-opinion,0.51
Default,0.7483333333333333
Alice-opinion,0.6966666666666667
