accuracy,template
0.93,Default
0.5216666666666666,Alice-opinion
0.9416666666666667,Default
0.5266666666666666,Alice-opinion
