template,accuracy
Default,0.8983333333333333
Alice-opinion,0.515
Default,0.5266666666666666
Alice-opinion,0.5466666666666666
