template,accuracy
Default,0.9266666666666666
Alice-opinion,0.515
Default,0.7383333333333333
Alice-opinion,0.7066666666666667
