template,accuracy
Default,0.5066666666666667
Alice-opinion,0.5033333333333334
Default,0.5416666666666666
Alice-opinion,0.8316666666666667
