template,accuracy
Default,0.8933333333333333
Alice-opinion,0.505
Default,0.5433333333333333
Alice-opinion,0.5783333333333334
