template,accuracy
Default,0.9016666666666666
Alice-opinion,0.5166666666666667
Default,0.5466666666666666
Alice-opinion,0.5783333333333334
