accuracy,template
0.9383333333333334,Default
0.5166666666666667,Alice-opinion
0.9283333333333333,Default
0.5333333333333333,Alice-opinion
