template,accuracy
Default,0.5216666666666666
Alice-opinion,0.5233333333333333
Default,0.5066666666666666
Alice-opinion,0.605
