accuracy,template
0.8633333333333333,Default
0.5216666666666666,Alice-opinion
0.8533333333333334,Default
0.5283333333333333,Alice-opinion
