template,accuracy
Default,0.8583333333333333
Alice-opinion,0.5066666666666666
Default,0.5333333333333333
Alice-opinion,0.635
