accuracy,template
0.9233333333333333,Default
0.5016666666666667,Alice-opinion
0.8916666666666667,Default
0.5133333333333333,Alice-opinion
